gate,sub_experiment,init_basis,measure_basis,d,rounds,rounds_before,rounds_coupled,p,ppm_weight,failure_metric,seed,num_physical_qubits,num_detectors,num_observables,shots,post_selected_shots,post_selection_rate,errors,logical_error_rate,seconds,decoder
MultiPatchPPM,single_patch_Z_control,Z,Z,3,6,6,0,0.001,1,decoded_Z_product_parity,20260720,25,72,1,240000,240000,1.0,412,0.0017166666666666,0.1294631150085479,pymatching
MultiPatchPPM,Z_product_w2,Z,Z,3,6,3,3,0.001,2,decoded_Z_product_parity,20260720,85,192,2,140000,140000,1.0,417,0.0029785714285714,0.2272318939794786,pymatching
MultiPatchPPM,Z_product_w3,Z,Z,3,6,3,3,0.001,3,decoded_Z_product_parity,20260720,152,324,3,60000,60000,1.0,446,0.0074333333333333,0.1671343010384589,pymatching
MultiPatchPPM,Z_product_w4,Z,Z,3,6,3,3,0.001,4,decoded_Z_product_parity,20260720,177,396,4,50000,50000,1.0,414,0.00828,0.1722059980384074,pymatching
MultiPatchPPM,Z_product_w5,Z,Z,3,6,3,3,0.001,5,decoded_Z_product_parity,20260720,244,528,5,40000,40000,1.0,424,0.0106,0.1939536689897067,pymatching
MultiPatchPPM,Z_product_w6,Z,Z,3,6,3,3,0.001,6,decoded_Z_product_parity,20260720,269,600,6,40000,40000,1.0,461,0.011525,0.2161303379689343,pymatching
MultiPatchPPM,Z_product_w7,Z,Z,3,6,3,3,0.001,7,decoded_Z_product_parity,20260720,336,732,7,30000,30000,1.0,480,0.016,0.2043217309983447,pymatching
MultiPatchPPM,Z_product_w8,Z,Z,3,6,3,3,0.001,8,decoded_Z_product_parity,20260720,361,804,8,30000,30000,1.0,564,0.0188,0.2209042799659073,pymatching
MultiPatchPPM,Z_product_w12,Z,Z,3,6,3,3,0.001,12,decoded_Z_product_parity,20260720,545,1212,12,20000,20000,1.0,548,0.0274,0.2355308569967746,pymatching
MultiPatchPPM,Z_product_w16,Z,Z,3,6,3,3,0.001,16,decoded_Z_product_parity,20260720,729,1620,16,20000,20000,1.0,682,0.0341,0.3264673190424219,pymatching
MultiPatchPPM,single_patch_Z_control,Z,Z,5,10,10,0,0.001,1,decoded_Z_product_parity,20260720,81,400,1,2940000,2940000,1.0,400,0.0001360544217687,9.8078011579928,pymatching
MultiPatchPPM,Z_product_w2,Z,Z,5,10,5,5,0.001,2,decoded_Z_product_parity,20260720,261,1040,2,1390000,1390000,1.0,401,0.000288489208633,12.92674043099396,pymatching
MultiPatchPPM,Z_product_w3,Z,Z,5,10,5,5,0.001,3,decoded_Z_product_parity,20260720,452,1710,3,660000,660000,1.0,400,0.0006060606060606,10.292897356965112,pymatching
MultiPatchPPM,Z_product_w4,Z,Z,5,10,5,5,0.001,4,decoded_Z_product_parity,20260720,533,2110,4,500000,500000,1.0,407,0.000814,9.908085823000874,pymatching
MultiPatchPPM,Z_product_w5,Z,Z,5,10,5,5,0.001,5,decoded_Z_product_parity,20260720,724,2780,5,380000,380000,1.0,401,0.0010552631578947,10.385081163956784,pymatching
MultiPatchPPM,Z_product_w6,Z,Z,5,10,5,5,0.001,6,decoded_Z_product_parity,20260720,805,3180,6,340000,340000,1.0,405,0.0011911764705882,10.29050866898615,pymatching
MultiPatchPPM,Z_product_w7,Z,Z,5,10,5,5,0.001,7,decoded_Z_product_parity,20260720,996,3850,7,250000,250000,1.0,409,0.001636,9.432696205039974,pymatching
MultiPatchPPM,Z_product_w8,Z,Z,5,10,5,5,0.001,8,decoded_Z_product_parity,20260720,1077,4250,8,260000,260000,1.0,406,0.0015615384615384,10.672973142005503,pymatching
MultiPatchPPM,Z_product_w12,Z,Z,5,10,5,5,0.001,12,decoded_Z_product_parity,20260720,1621,6390,12,160000,160000,1.0,402,0.0025125,10.245035292988176,pymatching
MultiPatchPPM,Z_product_w16,Z,Z,5,10,5,5,0.001,16,decoded_Z_product_parity,20260720,2165,8530,16,130000,130000,1.0,404,0.0031076923076923,10.846077284018977,pymatching
MultiPatchPPM,single_patch_Z_control,Z,Z,7,14,14,0,0.001,1,decoded_Z_product_parity,20260720,169,1176,1,10000000,10000000,1.0,82,8.2e-06,104.35755382600472,pymatching
MultiPatchPPM,Z_product_w2,Z,Z,7,14,7,7,0.001,2,decoded_Z_product_parity,20260720,533,3024,2,10000000,10000000,1.0,210,2.1e-05,287.86369838000974,pymatching
MultiPatchPPM,Z_product_w3,Z,Z,7,14,7,7,0.001,3,decoded_Z_product_parity,20260720,912,4928,3,4010000,4010000,1.0,200,4.987531172069826e-05,193.7554351069848,pymatching
MultiPatchPPM,Z_product_w4,Z,Z,7,14,7,7,0.001,4,decoded_Z_product_parity,20260720,1081,6104,4,3680000,3680000,1.0,200,5.434782608695653e-05,220.7025165740052,pymatching
MultiPatchPPM,Z_product_w5,Z,Z,7,14,7,7,0.001,5,decoded_Z_product_parity,20260720,1460,8008,5,2470000,2470000,1.0,200,8.097165991902834e-05,194.5362472490524,pymatching
MultiPatchPPM,Z_product_w6,Z,Z,7,14,7,7,0.001,6,decoded_Z_product_parity,20260720,1629,9184,6,2370000,2370000,1.0,200,8.438818565400843e-05,213.70178813498933,pymatching
MultiPatchPPM,Z_product_w7,Z,Z,7,14,7,7,0.001,7,decoded_Z_product_parity,20260720,2008,11088,7,1930000,1930000,1.0,201,0.0001041450777202,212.62289984500967,pymatching
MultiPatchPPM,Z_product_w8,Z,Z,7,14,7,7,0.001,8,decoded_Z_product_parity,20260720,2177,12264,8,1670000,1670000,1.0,200,0.0001197604790419,208.5864211930312,pymatching
MultiPatchPPM,Z_product_w12,Z,Z,7,14,7,7,0.001,12,decoded_Z_product_parity,20260720,3273,18424,12,1030000,1030000,1.0,200,0.0001941747572815,193.8319969360018,pymatching
MultiPatchPPM,Z_product_w16,Z,Z,7,14,7,7,0.001,16,decoded_Z_product_parity,20260720,4369,24584,16,770000,770000,1.0,203,0.0002636363636363,199.774024986953,pymatching
